Años,SO2 μg/m3
2019,17.970000
2020,12.670000
2021,11.610000
2022,23.650000
