Años,PM 2.5 μg/m3
2020,15.800000
2021,16.150000
2022,16.340000
