Años,PM10 μg/m3
2016,38.580000
2017,33.690000
2018,27.960000
2019,26.990000
2020,25.350000
2021,26.990000
2022,26.070000
