Años,O3 μg/m3
2016,27.210000
2017,6.190000
2018,5.460000
2019,3.070000
2020,12.040000
2021,21.360000
2022,18.690000
