Años,CO μg/m3
2019,540.840000
2020,498.180000
2021,552.730000
2022,964.930000
