Mineral,ESMERALDAS
2015,0.067094
2016,6.625160
2017,23.399087
2018,3.540235
2019,1.776747
2020,4.720862
2021,0.673611
