Años,O3 μg/m3
2016,23.370000
2017,24.840000
2018,22.560000
2019,21.550000
2020,23.980000
2021,19.550000
2022,24.000000
