Item,% de participación
2013,0.043694
2014,0.015826
2015,0.000000
2016,0.001389
2017,0.012467
2018,0.003563
2019,0.007874
