Años,SO2 μg/m3
2016,6.590000
2017,5.630000
2018,0.730000
2019,1.100000
2020,4.260000
2021,5.280000
2022,9.310000
