Años,PM10 μg/m3
2020,31.050000
2021,33.340000
2022,32.750000
