Años,O3 μg/m3
2019,26.440000
2020,31.720000
2021,16.860000
2022,13.790000
