Años,SO2 μg/m3
2019,14.840000
2020,15.700000
2021,14.110000
2022,11.420000
