Años,PM10 μg/m3
2019,35.010000
2020,33.320000
2021,31.500000
2022,31.550000
