Años,SO2 μg/m3
2019,10.470000
2020,9.440000
2021,7.930000
2022,6.560000
