Años,SO2 μg/m3
2016,16.400000
2017,18.380000
2018,6.690000
2019,5.860000
2020,3.650000
2021,3.070000
2022,1.160000
