Años,SO2 μg/m3
2016,59.880000
2017,35.920000
2018,19.640000
2019,28.700000
2020,26.270000
2021,19.030000
2022,20.040000
