Años,PM-10
2016,34.160000
2017,47.030000
2018,28.100000
2019,28.870000
2020,27.600000
2021,24.560000
2022,26.030000
