Años,PM10 μg/m3
2019,30.420000
2020,30.040000
2021,26.040000
2022,33.900000
