Años,CO μg/m3
2019,743.460000
2020,726.930000
2021,433.800000
2022,480.650000
