Años,PM2.5 μg/m3
2018,22.040000
2019,22.440000
2020,21.330000
2021,30.350000
2022,18.040000
