Años,PM10 μg/m3
2016,34.610000
2017,48.980000
2018,47.930000
2019,50.030000
2020,44.820000
2021,44.280000
2022,47.320000
