Años,NO2 μg/m3
2019,21.430000
2020,17.730000
2021,12.490000
2022,15.590000
