Años,PM10 μg/m3
2015,81.240000
2016,108.090000
2017,45.120000
2018,45.640000
2019,49.810000
2020,50.310000
2021,44.230000
2022,46.280000
