Años,PM2.5 μg/m3
2019,16.060000
2020,15.000000
2021,13.710000
2022,15.600000
