Años,SO2 μg/m3
2020,11.470000
2021,11.160000
2022,10.750000
