Años,PM10 μg/m3
2019,13.960000
2020,17.490000
2021,16.740000
2022,15.060000
