Años,NO2 μg/m3
2019,23.180000
2020,17.650000
2021,16.200000
2022,15.810000
