Años,PM10 μg/m3
2019,30.590000
2020,28.290000
2021,25.950000
2022,29.440000
