Años,PM 2.5 μg/m3
2018,18.680000
2019,20.540000
2020,21.800000
2021,19.690000
2022,22.780000
