Años,PM2¬5 μg/m3
2019,14.630000
2020,13.460000
2021,13.330000
2022,14.150000
