Años,O3 μg/m3
2019,24.810000
2020,15.150000
2021,20.980000
2022,20.770000
