Años,O3 μg/m3
2019,24.250000
2020,26.410000
2021,15.470000
2022,19.320000
