Index,Año,Se considera pobre,No se considera pobre
CA,2020,0.237000,0.493000
CRPD,2020,0.763000,0.507000
CA,2021,0.333000,0.642000
CRPD,2021,0.667000,0.358000
