Años,PM10 μg/m3
2019,35.070000
2020,32.310000
2021,31.300000
2022,31.250000
